<?xml version="1.0"?>
<!DOCTYPE module PUBLIC
        "-//Puppy Crawl//DTD Check Configuration 1.3//EN"
        "http://www.puppycrawl.com/dtds/configuration_1_3.dtd">

<!--

  Checkstyle configuration that checks the sun coding conventions from:

    - the Java Language Specification at
      http://java.sun.com/docs/books/jls/second_edition/html/index.html

    - the Sun Code Conventions at http://java.sun.com/docs/codeconv/

    - the Javadoc guidelines at
      http://java.sun.com/j2se/javadoc/writingdoccomments/index.html

    - the JDK Api documentation http://java.sun.com/j2se/docs/api/index.html

    - some best practices

  Checkstyle is very configurable. Be sure to read the documentation at
  http://checkstyle.sf.net (or in your downloaded distribution).

  Most Checks are configurable, be sure to consult the documentation.

  To completely disable a check, just comment it out or delete it from the file.

  Finally, it is worth reading the documentation.

-->

<module name="Checker">
    <!--
        If you set the basedir property below, then all reported file
        names will be relative to the specified directory. See
        http://checkstyle.sourceforge.net/5.x/config.html#Checker

        <property name="basedir" value="${basedir}"/>
    -->

    <!-- Activation here is needed for IntelliJ CheckstyleIDEA plugin -->
    <module name="SuppressionFilter">
        <property name="file" value="${main.basedir}/checkstyle/suppressions.xml"/>
    </module>

    <!-- Enable suppression of file contents using //CHECKSTYLE:[ON|OFF] comments -->
    <module name="SuppressionCommentFilter"/>

    <!-- Checks that a package-info.java file exists for each package.     -->
    <!-- See http://checkstyle.sf.net/config_javadoc.html#JavadocPackage -->
    <module name="JavadocPackage"/>

    <!-- Checks whether files end with a new line.                        -->
    <!-- See http://checkstyle.sf.net/config_misc.html#NewlineAtEndOfFile -->
    <module name="NewlineAtEndOfFile"/>

    <!-- Checks that property files contain the same keys.         -->
    <!-- See http://checkstyle.sf.net/config_misc.html#Translation -->
    <module name="Translation"/>

    <!-- Checks for Size Violations.                    -->
    <!-- See http://checkstyle.sf.net/config_sizes.html -->
    <module name="FileLength">
        <property name="max" value="1400"/>
    </module>

    <!-- Checks for whitespace                               -->
    <!-- See http://checkstyle.sf.net/config_whitespace.html -->
    <module name="FileTabCharacter"/>

    <!-- Miscellaneous other checks.                   -->
    <!-- See http://checkstyle.sf.net/config_misc.html -->
    <module name="RegexpSingleline">
        <property name="format" value="\s+$"/>
        <property name="minimum" value="0"/>
        <property name="maximum" value="0"/>
        <property name="message" value="Line has trailing spaces."/>
    </module>

    <!-- Checks for Headers                                -->
    <!-- See http://checkstyle.sf.net/config_header.html   -->
     <!--<module name="Header">-->
       <!--<property name="headerFile" value="${basedir}/checkstyle/ClassHeader.txt"/>-->
       <!--<property name="fileExtensions" value="java"/>-->
     <!--</module>-->

    <module name="TreeWalker">
        <!-- Activate comment suppression filters -->
        <module name="FileContentsHolder"/>

        <!-- Checks for Javadoc comments.                     -->
        <!-- See http://checkstyle.sf.net/config_javadoc.html -->
        <!-- All types should have JavaDoc -->
        <module name="JavadocType"/>
        <!-- Only some methods, on public APIs we agreed to JavaDoc. TODO figure out how to do that -->
        <!--<module name="JavadocMethod">-->
            <!--<property name="scope" value="public"/>-->
            <!--<property name="allowMissingParamTags" value="true"/>-->
        <!--</module>-->

        <module name="JavadocVariable">
            <property name="scope" value="public"/>
        </module>

        <module name="JavadocStyle">
            <property name="checkFirstSentence" value="false"/>
        </module>

        <module name="TrailingComment"/>



        <!-- Checks for Naming Conventions.                  -->
        <!-- See http://checkstyle.sf.net/config_naming.html -->
        <module name="ConstantName"/>
        <module name="LocalFinalVariableName"/>
        <module name="LocalVariableName"/>
        <module name="MemberName"/>
        <module name="MethodName"/>
        <module name="PackageName"/>
        <module name="ParameterName"/>
        <module name="StaticVariableName"/>
        <module name="TypeName"/>
        <module name="UpperEll"/>


        <!-- Checks for imports                              -->
        <!-- See http://checkstyle.sf.net/config_import.html -->
        <module name="AvoidStarImport"/>
        <module name="IllegalImport"/> <!-- defaults to sun.* packages -->
        <module name="RedundantImport"/>
        <module name="UnusedImports">
            <property name="processJavadoc" value="true"/>
        </module>


        <!-- Checks for Size Violations.                    -->
        <!-- See http://checkstyle.sf.net/config_sizes.html -->
        <module name="LineLength">
            <property name="max" value="130"/>
        </module>
        <module name="MethodLength">
            <property name="tokens" value="METHOD_DEF"/>
            <property name="max" value="60"/>
            <property name="countEmpty" value="false"/>
        </module>
        <module name="MethodLength">
            <property name="max" value="200"/>
            <property name="tokens" value="METHOD_DEF"/>
        </module>
        <module name="MethodLength">
            <property name="max" value="60"/>
            <property name="tokens" value="CTOR_DEF"/>
        </module>
        <module name="ParameterNumber">
            <property name="max" value="8"/>
            <property name="tokens" value="METHOD_DEF"/>
        </module>
        <module name="ParameterNumber">
            <property name="max" value="10"/>
            <property name="tokens" value="CTOR_DEF"/>
        </module>
        <module name="AnonInnerLength">
            <property name="max" value="30"/>
        </module>
        <module name="ExecutableStatementCount">
            <property name="max" value="20"/>
            <property name="tokens" value="CTOR_DEF, INSTANCE_INIT, STATIC_INIT"/>
        </module>
        <module name="OuterTypeNumber">
            <property name="max" value="2"/>
        </module>
        <module name="MethodCount">
            <property name="maxTotal" value="30"/>
        </module>



        <!-- Checks for whitespace                               -->
        <!-- See http://checkstyle.sf.net/config_whitespace.html -->
        <module name="EmptyForIteratorPad"/>
        <module name="GenericWhitespace"/>
        <module name="MethodParamPad"/>
        <module name="NoWhitespaceAfter"/>
        <module name="NoWhitespaceBefore"/>
        <module name="OperatorWrap"/>
        <module name="ParenPad"/>
        <module name="TypecastParenPad"/>
        <module name="WhitespaceAfter"/>
        <module name="WhitespaceAround"/>


        <!-- Modifier Checks                                    -->
        <!-- See http://checkstyle.sf.net/config_modifiers.html -->
        <module name="ModifierOrder"/>
        <module name="RedundantModifier"/>


        <!-- Checks for blocks. You know, those {}'s         -->
        <!-- See http://checkstyle.sf.net/config_blocks.html -->
        <module name="AvoidNestedBlocks"/>
        <module name="EmptyBlock"/>
        <module name="LeftCurly"/>
        <module name="NeedBraces"/>
        <module name="RightCurly"/>


        <!-- Checks for common coding problems               -->
        <!-- See http://checkstyle.sf.net/config_coding.html -->
        <!-- Coding Problems -->
        <module name="ArrayTrailingComma"/>
        <module name="CovariantEquals"/>
        <module name="DeclarationOrder"/>
        <module name="ParameterAssignment"/>
        <module name="ExplicitInitialization"/>
        <module name="DefaultComesLast"/>
        <module name="FallThrough"/>
        <module name="MultipleVariableDeclarations"/>
        <module name="EmptyStatement"/>
        <!--<module name="HiddenField">-->
            <!--<property name="tokens" value="VARIABLE_DEF"/>-->
        <!--</module>-->
        <module name="IllegalInstantiation">
            <property name="classes" value="java.lang.Boolean"/>
        </module>
        <module name="IllegalTokenText">
            <property name="tokens" value="NUM_INT,NUM_LONG"/>
            <property name="format" value="^0[^lx]"/>
            <property name="ignoreCase" value="true"/>
        </module>
        <module name="IllegalType">
            <property name="ignoredMethodNames" value="getInstance"/>
            <property name="tokens" value="PARAMETER_DEF, METHOD_DEF"/>
        </module>
        <module name="InnerAssignment"/>
        <module name="JUnitTestCase"/>
        <module name="ReturnCount">
            <property name="max" value="5"/>
        </module>
        <module name="NestedIfDepth">
            <property name="max" value="2"/>
        </module>
        <module name="NestedTryDepth">
            <property name="max" value="2"/>
        </module>
        <module name="PackageDeclaration"/>
        <module name="RedundantThrows">
            <property name="severity" value="warning"/>
            <property name="allowUnchecked" value="true"/>
        </module>
        <module name="SimplifyBooleanExpression"/>
        <module name="SimplifyBooleanReturn"/>
        <module name="StringLiteralEquality"/>
        <module name="SuperClone"/>
        <module name="SuperFinalize"/>
        <module name="MagicNumber">
            <property name="ignoreHashCodeMethod" value="true"/>
            <property name="ignoreAnnotation" value="true"/>
        </module>
        <module name="EqualsHashCode"/>
        <module name="IllegalInstantiation"/>
        <module name="InnerAssignment"/>
        <module name="MissingSwitchDefault"/>



        <!-- Checks for class design                         -->
        <!-- See http://checkstyle.sf.net/config_design.html -->
        <!-- module name="DesignForExtension"/ -->
        <module name="FinalClass"/>
        <module name="HideUtilityClassConstructor"/>
        <module name="InterfaceIsType"/>
        <module name="VisibilityModifier">
            <property name="packageAllowed" value="true"/>
            <property name="protectedAllowed" value="true"/>
        </module>

        <!-- Metrics -->
        <module name="BooleanExpressionComplexity">
            <property name="max" value="4"/>
        </module>
        <module name="ClassDataAbstractionCoupling">
            <property name="max" value="15"/>
        </module>
        <module name="ClassFanOutComplexity">
            <property name="max" value="40"/>
        </module>
        <module name="CyclomaticComplexity">
            <property name="severity" value="error"/>
            <property name="max" value="12"/>
        </module>
        <module name="NPathComplexity">
            <property name="max" value="50"/>
        </module>



        <!-- Miscellaneous other checks.                   -->
        <!-- See http://checkstyle.sf.net/config_misc.html -->
        <module name="ArrayTypeStyle"/>
        <module name="TodoComment"/>
        <module name="UpperEll"/>

    </module>

</module>
